url,type
hostgator.com.br,1
mailchi.mp,1
prestashop.com,1
substack.com,1
free.fr,1
toucharcade.com,1
dt.adsafeprotected.com,1
ft.com,1
us-prod.asyncgw.teams.microsoft.com,1
umass.edu,1
cdn.doubleverify.com,1
youronlinechoices.com,1
bp.blogspot.com,1
rackcdn.com,1
google.com.tr,1
usatoday.com,1
tripadvisor.com,1
sciencedirect.com,1
azure.microsoft.com,1
pki.goog,1
quantcount.com,1
apa.org,1
treasury.gov,1
play.itunes.apple.com,1
blogs.wsj.com,1
sky.com,1
blogger.com,1
getbootstrap.com,1
cdn.jsdelivr.net,1
bbc.co.uk,1
match.prod.bidr.io,1
pull-flv-l10-va01.tiktokcdn.com,1
en-gb.wordpress.org,1
zazzle.com,1
metrics.icloud.com,1
ct.pinterest.com,1
mayalounge.net,1
theglobeandmail.com,1
surveymonkey.com,1
seekingalpha.com,1
bustle.com,1
gigaom.com,1
mookie1.com,1
or.kr,1
theverge.com,1
vmware.com,1
vice.com,1
realsrv.com,1
google.fr,1
mitre.org,1
networkadvertising.org,1
myspace.com,1
ieee.org,1
it.wikipedia.org,1
mobile.events.data.microsoft.com,1
ocsp.entrust.net,1
elb.us-east-1.amazonaws.com,1
arstechnica.com,1
b.tlu.dl.delivery.mp.microsoft.com,1
googletagmanager.com,1
mediahils.ru,1
dictionary.com,1
cloudapp.net,1
canada.ca,1
agkn.com,1
lh5.googleusercontent.com,1
youtube.com,1
offset.com,1
twitch.tv,1
storyblocks.com,1
itunes-apple.com.akadns.net,1
wpengine.com,1
clinicaltrials.gov,1
paypal.com,1
use.fontawesome.com,1
images.bitmoji.com,1
forter.com,1
safebrowsing.apple,1
amazon.ca,1
ipredictive.com,1
envato.com,1
autodesk.com,1
aol.com,1
sensic.net,1
amazon.fr,1
mail.google.com,1
nicovideo.jp,1
cpanel.net,1
flickr.com,1
ipcc.ch,1
umich.edu,1
jamendo.com,1
steampowered.com,1
codecanyon.net,1
ovhcloud.com,1
pull-flv-l16-tt01.tiktokcdn-us.com,1
preapp.prod.partner.netflix.net,1
elisa.fi,1
independent.co.uk,1
amazon.co.uk,1
maricopa.gov,1
globo.com,1
sfgate.com,1
atomile.com,1
pinterest.co.uk,1
commons.wikimedia.org,1
360.cn,1
ikea.com,1
pixel-sync.sitescout.com,1
ouest-france.fr,1
quora.com,1
flippa.com,1
adnxs.com,1
time.g.aaplimg.com,1
pull-cmaf-f16-sg01.ttlivecdn.com,1
uber.com,1
meetup.com,1
bbc.com,1
yelp.com,1
ipcdn.apple.com,1
fontawesome.com,1
storecatalogrevocation.storequality.microsoft.com,1
giphy.com,1
web.archive.org,1
hulu.com,1
msn.cn,1
unsplash.com,1
px.moatads.com,1
shor.by,1
sogou.com,1
500px.com,1
statuspage.io,1
aol.co.uk,1
pixel.quantserve.com,1
marriott.com,1
medium.com,1
shutterstock.com,1
netflix.com,1
cygwin.com,1
nbcnews.com,1
cnbc.com,1
song.link,1
ubc.ca,1
smh.com.au,1
gstatic.com,1
about.me,1
neowin.net,1
quantserve.com,1
lifewire.com,1
youtube.googleblog.com,1
www.googletagservices.com,1
fda.gov,1
pool.ntp.org,1
biomedcentral.com,1
clevelandclinic.org,1
g.akamaiedge.net,1
grammarly.io,1
api2.branch.io,1
fr.wikipedia.org,1
who.int,1
de.wikipedia.org,1
undp.org,1
purdue.edu,1
mozilla.org,1
live.com,1
rambler.ru,1
app-analytics-v2.snapchat.com,1
t.me,1
ytimg.com,1
pull-flv-l16-gcp01.tiktokcdn.com,1
config.fp.measure.office.com,1
disqus.com,1
berkeley.edu,1
fastcompany.com,1
bugsnag.com,1
bootstrap.endpoint.ingress.rapid7.com,1
crl.verisign.com,1
zoho.com,1
caniuse.com,1
inc.com,1
newsinitiative.withgoogle.com,1
cbsnews.com,1
arxiv.org,1
googletagservices.com,1
sync.srv.stackadapt.com,1
pewresearch.org,1
ibtimes.com,1
thenai.org,1
feishu.cn,1
uci.org,1
windows.com,1
tpc.googlesyndication.com,1
openstreetmap.org,1
ibb.co,1
zoom.com,1
oracle.com,1
jotform.com,1
sharethrough.com,1
storage.googleapis.com,1
samsung.com,1
wiktionary.org,1
faqs.org,1
webnode.page,1
microsoft.com,1
docs.google.com,1
worldbank.org,1
googleapis.com,1
googleblog.com,1
apple.com,1
fandom.com,1
us-v10.events.data.microsoft.com,1
pull-flv-l16-sg01.tiktokcdn.com,1
fifa.com,1
tr.snapchat.com,1
in.appcenter.ms,1
cppcon.org,1
3dmgame.com,1
global.aa-rt.sharepoint.com,1
163.com,1
phys.org,1
bidder.criteo.com,1
3lift.com,1
rackspaceclouddb.com,1
flipboard.com,1
e673.dsce9.akamaiedge.net,1
reverso.net,1
secureserver.net,1
en.m.wikipedia.org,1
valid.apple.com,1
geo.prod.do.dsp.mp.microsoft.com,1
trafficmanager.net,1
ibm.com,1
com.edgekey.net,1
adservice.google.com,1
go.microsoft.com,1
observer.com,1
amd.com,1
static.googleusercontent.com,1
oauth2.googleapis.com,1
khanacademy.org,1
es.wikipedia.org,1
mashable.com,1
ifeng.com,1
state.gov,1
blogspot.co.uk,1
imf.org,1
gumroad.com,1
api-geo.flightproxy.teams.microsoft.com,1
postgresql.org,1
translate.google.com,1
duke.edu,1
unitedstates.smartscreen.microsoft.com,1
atlassian.net,1
analytics.google.com,1
azurefd.net,1
demdex.net,1
netease.com,1
steamcommunity.com,1
cloudflare.com,1
mn.gov,1
latimes.com,1
googlesyndication.com,1
mts.ru,1
duplex.snapchat.com,1
pull-f5-sg01.ttlivecdn.com,1
history.com,1
mit.edu,1
novell.com,1
pconline.com.cn,1
ok.ru,1
calendar.google.com,1
smartadserver.com,1
support.mozilla.org,1
sc.omtrdc.net,1
outlook.office365.com,1
owasp.org,1
shein.com,1
ietf.org,1
producthunt.com,1
ucl.ac.uk,1
51cto.com,1
browser.events.data.microsoft.com,1
play.google.com,1
msftncsi.com,1
mailchimp.com,1
bitbucket.org,1
www1.nyc.gov,1
patronite.pl,1
mgaleg.maryland.gov,1
un.org,1
elsevier.com,1
nhs.uk,1
copyright.gov,1
urbandictionary.com,1
businessinsider.com,1
i2.wp.com,1
googleads4.g.doubleclick.net,1
euronews.com,1
a.nel.cloudflare.com,1
wired.com,1
e-hentai.org,1
ebay.co.uk,1
inbox.google.com,1
s0.wp.com,1
gofundme.com,1
investopedia.com,1
harvard.edu,1
web.dev,1
sciencedaily.com,1
weibo.com,1
homedepot.com,1
coursera.org,1
youtubei.googleapis.com,1
outbrain.com,1
cnki.net,1
webex.com,1
ja.wikipedia.org,1
wpastra.com,1
developer.android.com,1
yandex.com,1
nhentai.net,1
spoti.fi,1
behance.net,1
aka.ms,1
trustpilot.com,1
xbox.com,1
r3.o.lencr.org,1
video.twimg.com,1
theregister.co.uk,1
tinyurl.com,1
ad.smaato.net,1
stumbleupon.com,1
whitehouse.gov,1
namu.wiki,1
espn.com,1
apple-cloudkit.com,1
barnesandnoble.com,1
outlook.com,1
google.it,1
accuweather.com,1
cdn.who.int,1
googleblog.blogspot.com,1
pull-a5-tt01.fcdn.us.tiktokv.com,1
deadline.com,1
google.co.in,1
i1.wp.com,1
dscg.akamaiedge.net,1
pull-a5-va01.tiktokcdn.com,1
symantec.com,1
consumerreports.org,1
settings-win.data.microsoft.com,1
examiner.com,1
cdp.microsoft.com,1
searchenginejournal.com,1
adp.com,1
snapchat.com,1
emarketer.com,1
pull-q5-sg01.tiktokcdn.com,1
udel.edu,1
openldap.org,1
a-msedge.net,1
epa.gov,1
hubspot.com,1
pull-cmaf-f58-sg01.tiktokcdn.com,1
stitcher.com,1
msedge.net,1
cdbaby.com,1
google.com.br,1
verizon.com,1
linktr.ee,1
ads.pubmatic.com,1
cpan.org,1
jamanetwork.com,1
guzzoni-apple-com.v.aaplimg.com,1
buymeacoffee.com,1
asana.com,1
google.ru,1
accounts.google.com,1
ru.wikipedia.org,1
fastly.net,1
t.co,1
init.push.apple.com,1
statista.com,1
sina.com.cn,1
creativecommons.org,1
reddit.com,1
lh3.googleusercontent.com,1
topgslb.com,1
zxx.edu.cn,1
wellsfargo.com,1
thedailybeast.com,1
ustream.tv,1
wp.com,1
addthis.com,1
books.google.com,1
france24.com,1
hwcdn.net,1
amazon.it,1
discord.com,1
xinhuanet.com,1
aboutads.info,1
example.com,1
scientificamerican.com,1
pubmed.ncbi.nlm.nih.gov,1
constantcontact.com,1
firebase-settings.crashlytics.com,1
rlcdn.com,1
statcounter.com,1
fortune.com,1
spb.ru,1
policies.google.com,1
uspto.gov,1
fortinet.net,1
bitly.com,1
sony.com,1
weather-data.apple.com,1
hitomi.la,1
takeout.google.com,1
open.spotify.com,1
facebook.com,1
e17437.dsct.akamaiedge.net,1
cs.mun.ca,1
cdn.ampproject.org,1
weather.com,1
udemy.com,1
mzstatic.com,1
calendly.com,1
iastate.edu,1
webmd.com,1
evernote.com,1
kickstarter.com,1
php.net,1
captive.apple.com,1
goo.gl,1
accenture.com,1
goskope.com,1
yoast.com,1
urldefense.proofpoint.com,1
mqtt-mini.facebook.com,1
adobe.com,1
api.snapchat.com,1
windowsupdate.com,1
myshopify.com,1
erome.com,1
va.gov,1
youtu.be,1
www.google.com,1
bbpress.org,1
115.com,1
mathtag.com,1
nielsen.com,1
jetbrains.com,1
loc.gov,1
lemonde.fr,1
hugedomains.com,1
netflix.net,1
unc.edu,1
usps.com,1
variety.com,1
redhat.com,1
cs.dds.microsoft.com,1
pcmag.com,1
launchpad.net,1
acm.org,1
pull-cmaf-f16-gcp01.ttlivecdn.com,1
xxxxx520.com,1
ffm.to,1
help.github.com,1
sec.gov,1
datadoghq.com,1
google.co.jp,1
login.live.com,1
pull-cmaf-f16-va01.ttlivecdn.com,1
line.me,1
docs.aws.amazon.com,1
digitalocean.com,1
icloud-content.com,1
creativecdn.com,1
discovery.com,1
ria.ru,1
cdnbasket.net,1
pt.wikipedia.org,1
aboutcookies.org,1
youku.com,1
play.googleapis.com,1
qq.com,1
windows.msn.com,1
ocsp.pki.goog,1
yt3.ggpht.com,1
israelnationalnews.com,1
aaplimg.com,1
edge.microsoft.com,1
nike.com,1
amazon.co.jp,1
telegraph.co.uk,1
northwestern.edu,1
louisvuitton.com,1
ox.ac.uk,1
b-msedge.net,1
geocities.com,1
softonic.com,1
hootsuite.com,1
missav.com,1
ovscdns.com,1
js-sec.indexww.com,1
aad.cs.dds.microsoft.com,1
analytics.tiktok.com,1
forms.gle,1
livedoor.jp,1
pull-flv-f10-va01.tiktokcdn.com,1
bloomberg.com,1
line-apps.com,1
msn.com,1
healthline.com,1
lenovo.com.cn,1
vimeo.com,1
api.userstore.skype.com,1
osi.office.net,1
discogs.com,1
amazonaws.com,1
onamae.com,1
gatech.edu,1
salesforce.com,1
oath.cloud,1
theconversation.com,1
poynter.org,1
protection.outlook.com,1
canva.com,1
bestbuy.com,1
greenamerica.org,1
booking.com,1
mynetname.net,1
android.com,1
myqcloud.com,1
jigsaw.w3.org,1
bandcamp.com,1
remove.bg,1
azure-dns.com,1
enable-javascript.com,1
economictimes.indiatimes.com,1
mcgill.ca,1
globalnews.ca,1
wisc.edu,1
sentry.io,1
xing.com,1
rt.com,1
akamaized.net,1
douban.com,1
fema.gov,1
account.google.com,1
globenewswire.com,1
nav-edge.smartscreen.microsoft.com,1
people.com,1
dns.msftncsi.com,1
linkedin.com,1
amazonvideo.com,1
ftc.gov,1
francetvinfo.fr,1
good.is,1
samsungacr.com,1
audible.com,1
npr.org,1
digg.com,1
wunderground.com,1
stanford.edu,1
pull-cmaf-f77-va01.tiktokcdn.com,1
ssl.gstatic.com,1
akamaihd.net,1
wbx2.com,1
search.google.com,1
ivi.ru,1
justgiving.com,1
yale.edu,1
api.rlcdn.com,1
tremorhub.com,1
allaboutcookies.org,1
elasticbeanstalk.com,1
gs-loc.apple.com,1
gouv.fr,1
workspace.google.com,1
nr-data.net,1
pull-f5-sg01.tiktokcdn.com,1
noaa.gov,1
b-cdn.net,1
capitalone.com,1
pipe.aria.microsoft.com,1
tufts.edu,1
exacttarget.com,1
www.wikipedia.org,1
pay.google.com,1
dynect.net,1
uol.com.br,1
oreilly.com,1
ow.ly,1
apps.apple.com,1
pull-flv-f77-va01.tiktokcdn.com,1
google.cn,1
zillow.com,1
fls.doubleclick.net,1
cdn.cloudflare.net,1
cornell.edu,1
1c.ru,1
go.th,1
groups.google.com,1
duckduckgo.com,1
slideshare.net,1
scribd.com,1
go-mpulse.net,1
docker.com,1
ttlivecdn.com,1
gematsu.com,1
reverbnation.com,1
psychologytoday.com,1
geolocation.onetrust.com,1
apple.com.edgesuite.net,1
xiaohongshu.com,1
forbes.com,1
ups.com,1
rackspace.com,1
c.bing.com,1
springer.com,1
scholar.google.com,1
m.me,1
huawei.com,1
hangouts.google.com,1
hollywoodreporter.com,1
config.teams.microsoft.com,1
guzzoni.apple.com,1
mangosip.ru,1
wa.me,1
intermedia.net,1
edge.e2ro.com,1
support.google.com,1
us.com,1
nypost.com,1
addtoany.com,1
msidentity.com,1
washingtonpost.com,1
lh4.googleusercontent.com,1
ifttt.com,1
dnsowl.com,1
pull-flv-f10-gcp01.tiktokcdn.com,1
mwbsys.com,1
onlyfans.com,1
adsrvr.org,1
cf-st.sc-cdn.net,1
www.apple.com,1
licdn.com,1
coupang.com,1
cl4.apple.com,1
metaservices.microsoft.com,1
rfc-editor.org,1
support.zoom.us,1
scontent.xx.fbcdn.net,1
ttvnw.net,1
linusakesson.net,1
tumblr.com,1
washington.edu,1
feedburner.com,1
eepurl.com,1
apple-dns.net,1
duckdns.org,1
slack.com,1
concrete5.org,1
pull-f5-tt02.fcdn.us.tiktokv.com,1
krxd.net,1
biglobe.ne.jp,1
outlook.live.com,1
opera.com,1
socialmediatoday.com,1
cbslocal.com,1
billboard.com,1
ssl.google-analytics.com,1
cdn.whatsapp.net,1
360yield.com,1
stellar.org,1
huffpost.com,1
spotify.com,1
gist.github.com,1
virginia.edu,1
proofpoint.com,1
tlu.dl.delivery.mp.microsoft.com,1
wsj.com,1
ezinearticles.com,1
cox.net,1
acdc-direct.office.com,1
get.google.com,1
buydomains.com,1
gvt1.com,1
lnkd.in,1
media-amazon.com,1
abc.net.au,1
cdninstagram.com,1
immunet.com,1
princeton.edu,1
static.doubleclick.net,1
fiverr.com,1
aweber.com,1
adriver.ru,1
fp.measure.office.com,1
fb.me,1
twimg.com,1
ogs.google.com,1
devopsdays.org,1
craigslist.org,1
cdngslb.com,1
a8.net,1
cdn.cookielaw.org,1
www.livejournal.com,1
detik.com,1
appropedia.org,1
dscx.akamaiedge.net,1
umn.edu,1
kv501.prod.do.dsp.mp.microsoft.com,1
upwork.com,1
mirror.co.uk,1
politico.com,1
media.net,1
us.macmillan.com,1
erickimphotography.com,1
sage.com,1
db.com,1
jstor.org,1
tiktokcdn-us.com,1
thegadgetflow.com,1
irishtimes.com,1
wordpress.org,1
dns.umbrella.com,1
optimizely.com,1
hopkinsmedicine.org,1
aax-dtb-cf.amazon-adsystem.com,1
feedly.com,1
sagepub.com,1
liberty.edu,1
openx.net,1
peoplestackwebexperiments-pa.clients6.google.com,1
faz.net,1
finance.yahoo.com,1
hicloud.com,1
launchdarkly.com,1
cp4.cloudflare.com,1
whats-on-netflix.com,1
delve.office.com,1
eventbrite.co.uk,1
mega.co.nz,1
aesthetics.fandom.com,1
fdv2-t-msedge.net,1
itunes.apple.com.edgesuite.net,1
livejournal.com,1
appcenter.ms,1
afternic.com,1
ssl-images-amazon.com,1
criteo.com,1
sorbs.net,1
abc.es,1
dns-parking.com,1
hhs.gov,1
azurewebsites.net,1
frontiersin.org,1
discord.gg,1
slides.com,1
1.bp.blogspot.com,1
venturebeat.com,1
weebly.com,1
foursquare.com,1
boingboing.net,1
sites.google.com,1
33across.com,1
fbcdn.net,1
mediafire.com,1
shareasale.com,1
propublica.org,1
cdnjs.cloudflare.com,1
awin1.com,1
apnews.com,1
blog.hubspot.com,1
speedtest.net,1
eff.org,1
peoplestack-pa.googleapis.com,1
api-global.netflix.com,1
fbs.smoot.apple.com,1
podbean.com,1
cuny.edu,1
windowsphone.com,1
sxsw.com,1
commnat-main-gc.ess.apple.com,1
careers.google.com,1
safebrowsing.google.com,1
mask.apple-dns.net,1
privacyshield.gov,1
thenextweb.com,1
bouygues.com,1
dl.acm.org,1
delivery.mp.microsoft.com,1
dw.com,1
lencr.org,1
apple.co,1
news.google.com,1
vogue.com,1
lavanguardia.com,1
manycontacts.com,1
nydailynews.com,1
amazon.de,1
pull-cmaf-f16-va01.tiktokcdn.com,1
techcrunch.com,1
ctldl.windowsupdate.com,1
amazon.com,1
nature.com,1
sendspace.com,1
wufoo.com,1
airbnb.com,1
hbr.org,1
deepl.com,1
bilibili.com,1
prod.bidr.io,1
hrw.org,1
cisco.com,1
megaupload.com,1
sapo.pt,1
theguardian.com,1
ucla.edu,1
go.com,1
4.bp.blogspot.com,1
developers.google.com,1
archives.gov,1
amp-api-edge-lb.itunes-apple.com.akadns.net,1
exo.nel.measure.office.net,1
dnsmadeeasy.com,1
edge.skype.com,1
igodigital.com,1
teams.events.data.microsoft.com,1
gotowebinar.com,1
westminster.ac.uk,1
flightproxy.teams.microsoft.com,1
download.windowsupdate.com,1
etsy.com,1
academia.edu,1
miibeian.gov.cn,1
naver.com,1
imageshack.us,1
api3.cc.skype.com,1
support.apple.com,1
tools.google.com,1
activity.windows.com,1
tiktokcdn.com,1
c10r.instagram.com,1
tencent.com,1
skype.com,1
yandex.ru,1
ggpht.com,1
archive.org,1
noodlemagazine.com,1
awsglobalaccelerator.com,1
playstation.com,1
fb.com,1
deloitte.com,1
theravive.com,1
prnewswire.com,1
publisher-services.amazon.dev,1
arte.tv,1
bbb.org,1
time.com,1
elpais.com,1
autohome.com.cn,1
www.google-analytics.com,1
jimdofree.com,1
time.windows.com,1
nationalgeographic.com,1
ebay.com,1
spamhaus.org,1
earthlink.net,1
hbopenbid.pubmatic.com,1
congress.gov,1
people.com.cn,1
cloudns.net,1
icann.org,1
pull-flv-l10-gcp01.tiktokcdn.com,1
transparencyreport.google.com,1
dol.gov,1
target.com,1
gsp-ssl.ls-apple.com.akadns.net,1
intel.com,1
nginx.com,1
jpost.com,1
linode.com,1
gitlab.com,1
amazon-adsystem.com,1
digicert.com,1
chinamobile.com,1
instructables.com,1
hawaii.edu,1
bootstrapcdn.com,1
nflxso.net,1
europarl.europa.eu,1
vox.com,1
kernel.org,1
alibaba.com,1
analytics.yahoo.com,1
terra.com.br,1
photography.tutsplus.com,1
gob.es,1
stackoverflow.com,1
list-manage.com,1
tbcache.com,1
timeout.com,1
windows.net,1
i.ibb.co,1
mysql.com,1
sundancechannel.com,1
podcasts.google.com,1
joomla.org,1
csdn.net,1
nbc.com,1
pull-cmaf-f16-tt01.tiktokcdn.com,1
creativemarket.com,1
nic.uk,1
eporner.com,1
v.aaplimg.com,1
pornhub.com,1
geover.prod.do.dsp.mp.microsoft.com,1
geeksforgeeks.org,1
gov.uk,1
notifications-pa.googleapis.com,1
s3.amazonaws.com,1
istockphoto.com,1
srv.stackadapt.com,1
europa.eu,1
gmail.com,1
diigo.com,1
sessions.bugsnag.com,1
curl.se,1
ali213.net,1
whatsapp.net,1
l.facebook.com,1
me.com,1
nrdp.prod.ftl.netflix.com,1
t-mobile.com,1
insight.adsrvr.org,1
myworkday.com,1
trc.taboola.com,1
dmoz.org,1
ed.ted.com,1
letsencrypt.org,1
redd.it,1
pull-flv-f77-gcp01.tiktokcdn.com,1
nr-ops.net,1
ls-apple.com.akadns.net,1
greasyfork.org,1
taobao.com,1
is.gd,1
pinimg.com,1
pull-f5-va01.ttlivecdn.com,1
calameo.com,1
azureedge.net,1
nrdp52-appboot.netflix.com,1
domain.com,1
takelessons.com,1
smaato.net,1
api.whatsapp.com,1
wired.co.uk,1
chase.com,1
shopify.com,1
creatoracademy.youtube.com,1
google-analytics.com,1
redbull.com,1
engadget.com,1
tradingview.com,1
themeforest.net,1
yahoo.co.jp,1
fedex.com,1
cutt.ly,1
medicalnewstoday.com,1
verywellmind.com,1
foxnews.com,1
tinypic.com,1
pixabay.com,1
researchgate.net,1
rakuten.co.jp,1
freebsd.org,1
livestream.com,1
com.trafficmanager.net,1
ozon.ru,1
hatena.ne.jp,1
a.tribalfusion.com,1
guardian.co.uk,1
weather.gov,1
people-pa.clients6.google.com,1
notion.so,1
itunes.apple.com,1
binance.com,1
jsfiddle.net,1
cloud.com,1
navy.mil,1
pubmatic.com,1
events.data.msn.com,1
support.microsoft.com,1
slate.com,1
google.co.uk,1
s.ytimg.com,1
plus.google.com,1
tistory.com,1
applovin.com,1
akamaiedge.net,1
nstld.com,1
g.page,1
cloud.netflix.com,1
bc.ca,1
roblox.com,1
issuu.com,1
acs.org,1
webaim.org,1
strava.com,1
lnk.to,1
students.washington.edu,1
twitter.com,1
atm-fp-direct.office.com,1
note.com,1
techradar.com,1
fool.com,1
dailymail.co.uk,1
www.blogger.com,1
opendns.com,1
dailymotion.com,1
businessweek.com,1
beacons2.gvt2.com,1
about.com,1
dl.dropboxusercontent.com,1
trouter.teams.microsoft.com,1
iad-01.braze.com,1
ajax.googleapis.com,1
sectigo.com,1
welt.de,1
zendesk.com,1
cmu.edu,1
instagram.com,1
beacons4.gvt2.com,1
login.microsoftonline.com,1
census.gov,1
markmonitor.com,1
wix.com,1
ocsp.digicert.com,1
google.com,1
crl3.digicert.com,1
drupal.org,1
safeframe.googlesyndication.com,1
lefigaro.fr,1
ampproject.org,1
ilo.org,1
gimp.org,1
store.microsoft.com,1
appspot.com,1
update.googleapis.com,1
stripe.com,1
pull-cmaf-l10-sg01.tiktokcdn.com,1
amer.ng.msg.teams.microsoft.com,1
cambridge.org,1
coinmarketcap.com,1
bitmoji.com,1
photos.google.com,1
w3.org,1
dnsimple.com,1
dropbox.com,1
huffingtonpost.com,1
smugmug.com,1
me.gvt1.com,1
qualtrics.com,1
buddypress.org,1
c.msn.com,1
lh6.googleusercontent.com,1
spclient.wg.spotify.com,1
tds.net,1
sharepoint.com,1
zhihu.com,1
ocws.officeapps.live.com,1
dmm.co.jp,1
insider.com,1
howtomechatronics.com,1
validator.w3.org,1
google.com.au,1
columbia.edu,1
ads.google.com,1
figma.com,1
incapdns.net,1
ertelecom.ru,1
bit.ly,1
z.moatads.com,1
dl.delivery.mp.microsoft.com,1
pinterest.com,1
wordpressfoundation.org,1
saasprotection.com,1
hichina.com,1
ng.msg.teams.microsoft.com,1
ign.com,1
login5.spotify.com,1
smoot.apple.com,1
secure.adnxs.com,1
us-east1-aws.api.snapchat.com,1
s-msedge.net,1
fitbit.com,1
us.tiktokv.com,1
mobile-gtalk.l.google.com,1
bigcartel.com,1
google.pl,1
xhamster.com,1
aliexpress.com,1
theatlantic.com,1
g.whatsapp.net,1
tiktokv.com,1
naver.jp,1
zdnet.com,1
i.ytimg.com,1
adobe.io,1
bytefcdn-oversea.com,1
vt.edu,1
en.wikipedia.org,1
imrworldwide.com,1
hindustantimes.com,1
adafruit.com,1
businesswire.com,1
automattic.com,1
tmall.com,1
sberdevices.ru,1
doubleclick.net,1
online-metrix.net,1
estadao.com.br,1
squarespace.com,1
angelfire.com,1
tripod.com,1
oup.com,1
pull-hls-f77-sg01.tiktokcdn.com,1
amzn.to,1
upload2.fp.measure.office.com,1
typekit.com,1
market.android.com,1
cloudinary.com,1
sitepoint.com,1
mp.weixin.qq.com,1
akam.net,1
pitchfork.com,1
energy.gov,1
play-fe.googleapis.com,1
asahi.com,1
disney.com,1
telegram.me,1
ib.adnxs.com,1
storage.live.com,1
allrecipes.com,1
lenovo.com,1
panasonic.com,1
plos.org,1
getpocket.com,1
varzesh3.com,1
gcp.api.snapchat.com,1
l.googleusercontent.com,1
opentable.com,1
x.bidswitch.net,1
pagead2.googlesyndication.com,1
cbc.ca,1
goodreads.com,1
code.google.com,1
files.wordpress.com,1
star.c10r.facebook.com,1
xfinity.com,1
w55c.net,1
chinaz.com,1
pull-a5-tt02-infra.fcdn.us.tiktokv.com,1
l.google.com,1
services.visualstudio.com,1
withgoogle.com,1
microsoftonline.com,1
namecheap.com,1
edgesuite.net,1
br.pinterest.com,1
sc-cdn.net,1
anchor.fm,1
cnblogs.com,1
no-ip.com,1
nam.edu,1
fidelity.com,1
photobucket.com,1
yimg.com,1
android.apis.google.com,1
wp.me,1
configuration.apple.com,1
rspamd.com,1
blog.jp,1
chicagotribune.com,1
nist.gov,1
alibabadns.com,1
eur-lex.europa.eu,1
expedia.com,1
edgecdn.ru,1
intuit.com,1
smzdm.com,1
verisign.com,1
google.com.hk,1
pexels.com,1
mp.microsoft.com,1
reuters.com,1
xvideos.com,1
maxcdn.bootstrapcdn.com,1
amazontrust.com,1
semanticscholar.org,1
miit.gov.cn,1
dell.com,1
manatoki215.net,1
wildberries.ru,1
360safe.com,1
brandbucket.com,1
tlx.3lift.com,1
eventbrite.com,1
omtrdc.net,1
aa-rt.sharepoint.com,1
mobile.twitter.com,1
gihc.net,1
support.office.com,1
tiny.cc,1
e2ro.com,1
nps.gov,1
wireshark.org,1
googleads.g.doubleclick.net,1
daum.net,1
support.content.office.net,1
browser.pipe.aria.microsoft.com,1
uci.cdn.office.net,1
mask-h2.icloud.com,1
pull-hls-f58-sg01.tiktokcdn.com,1
public-api.wordpress.com,1
pull-w5-gcp01.tiktokcdn.com,1
beatport.com,1
nrdp-ipv6.prod.ftl.netflix.com,1
aa.google.com,1
news.bbc.co.uk,1
hdfcbank.com,1
stonesthrow.com,1
amazon.in,1
readthedocs.io,1
moz.com,1
newsweek.com,1
msha.ke,1
economist.com,1
gsp10-ssl.apple.com,1
adobess.com,1
nga.cn,1
mayoclinic.org,1
wg.spotify.com,1
business.site,1
myworkdayjobs.com,1
vevo.com,1
match.sharethrough.com,1
92y.org,1
com.akadns.net,1
ssa.gov,1
medscape.com,1
patreon.com,1
presence.teams.microsoft.com,1
domainmarket.com,1
perl.com,1
att.net,1
us-east-1.cxm-bcn.publisher-services.amazon.dev,1
pendo.io,1
api.endpoint.ingress.rapid7.com,1
arnebrachhold.de,1
dropcatch.com,1
cxm-bcn.publisher-services.amazon.dev,1
spiegel.de,1
ade.googlesyndication.com,1
bytedance.net,1
tamu.edu,1
gcdn.co,1
cdn.shopify.com,1
draft.blogger.com,1
public.tableau.com,1
doi.org,1
aria.microsoft.com,1
hpecorp.net,1
aws.api.snapchat.com,1
3.bp.blogspot.com,1
academic.oup.com,1
beacons.gvt2.com,1
minds.com,1
9to5mac.com,1
amazon.es,1
bidr.io,1
nokia.com,1
m.facebook.com,1
cdn77.org,1
itmedia.co.jp,1
ads.linkedin.com,1
americanexpress.com,1
ondemand.com,1
usda.gov,1
arcgis.com,1
people-pa.googleapis.com,1
ifixit.com,1
eji.org,1
quillbot.com,1
central.wordcamp.org,1
ubuntu.com,1
duolingo.com,1
tesla.com,1
phpbb.com,1
google.co.id,1
www.gov.uk,1
evoke-windowsservices-tas.msedge.net,1
llvm.org,1
office.net,1
mdpi.com,1
hertfordshire.gov.uk,1
ziddu.com,1
m.media-amazon.com,1
trbcdn.net,1
dev.to,1
static.xx.fbcdn.net,1
journals.plos.org,1
s.amazon-adsystem.com,1
jquery.com,1
plesk.com,1
nba.com,1
gspe19-ssl.ls.apple.com,1
id5-sync.com,1
ed.ac.uk,1
osha.gov,1
mixcloud.com,1
zoom.us,1
rackspace.net,1
justin.tv,1
investing.com,1
jd.com,1
pull-f5-vr-va01.tiktokcdn.com,1
support.cloudflare.com,1
aliyun.com,1
dsce9.akamaiedge.net,1
yuque.com,1
usnews.com,1
mega.nz,1
unitedstates.cp.wd.microsoft.com,1
gandi.net,1
change.org,1
bild.de,1
fonts.googleapis.com,1
sync.mathtag.com,1
2.bp.blogspot.com,1
army.mil,1
gamespot.com,1
alexa.com,1
gsp-ssl.ls.apple.com,1
redmart.com,1
teams.cdn.office.net,1
e-msedge.net,1
i.instagram.com,1
dyndns.org,1
gnu.org,1
bam.nr-data.net,1
github.com,1
everesttech.net,1
bu.edu,1
api.msn.com,1
iqiyi.com,1
digitaltrends.com,1
blog.youtube,1
flic.kr,1
news.com.au,1
bitrix24.ru,1
standard.co.uk,1
usgs.gov,1
sensor.cloud.tenable.com,1
freepik.com,1
mail.yahoo.com,1
trendmicro.com,1
nel.measure.office.net,1
wikihow.com,1
britannica.com,1
gizmodo.com,1
sourceforge.net,1
r.bing.com,1
journals.sagepub.com,1
o365filtering.com,1
ti.com,1
metal-archives.com,1
api-geo.cc.skype.com,1
alltop.com,1
picasaweb.google.com,1
fcdn.us.tiktokv.com,1
wpa.qq.com,1
ico.org.uk,1
cl2.apple.com,1
workers.dev,1
jimdo.com,1
thelancet.com,1
wd.microsoft.com,1
beacon.krxd.net,1
google.es,1
origin-apple.com.akadns.net,1
jsdelivr.net,1
ad.doubleclick.net,1
akamai.net,1
dev.virtualearth.net,1
www.nhs.uk,1
worldometers.info,1
arc.msn.com,1
rubiconproject.com,1
advertising.com,1
searchengineland.com,1
com.cdn.cloudflare.net,1
us-api.asm.skype.com,1
eastus.cloudapp.azure.com,1
api.iris.microsoft.com,1
mass.gov,1
pbs.twimg.com,1
lonelyplanet.com,1
hyatt.com,1
pull-cmaf-l10-gcp01.tiktokcdn.com,1
youtube-creators.googleblog.com,1
yahoodns.net,1
spotxchange.com,1
corriere.it,1
cc.skype.com,1
nhk.or.jp,1
figure.nz,1
get.adobe.com,1
edgedl.me.gvt1.com,1
store.steampowered.com,1
office365.com,1
suicidepreventionlifeline.org,1
colorlib.com,1
myaccount.google.com,1
www.googleapis.com,1
themegrill.com,1
staysafeonline.org,1
washingtontimes.com,1
space.com,1
psu.edu,1
gum.criteo.com,1
checkpoint.com,1
axios.com,1
ads-twitter.com,1
www.msn.com,1
cnet.com,1
google.ca,1
aljazeera.com,1
abcnews.go.com,1
wordpress.tv,1
glassdoor.com,1
web.facebook.com,1
boston.com,1
usa.gov,1
indeed.com,1
ca.gov,1
www.bing.com,1
maps.googleapis.com,1
us-central1-gcp.api.snapchat.com,1
api.facebook.com,1
rayjump.com,1
security.googleblog.com,1
newrelic.com,1
clickbank.net,1
www.beian.miit.gov.cn,1
simage2.pubmatic.com,1
maps.google.com,1
uphe.com,1
gateway.instagram.com,1
proxy.safebrowsing.apple,1
rfihub.com,1
history.google.com,1
pcworld.com,1
liadm.com,1
in.ua,1
imgsmail.ru,1
blog.livedoor.jp,1
icloud.com,1
sciencemag.org,1
pl.wikipedia.org,1
yiyouliao.com,1
nginx.org,1
x2.c.lencr.org,1
irs.gov,1
blob.core.windows.net,1
digikala.com,1
dropboxusercontent.com,1
use.typekit.net,1
content.office.net,1
itun.es,1
unesco.org,1
simpli.fi,1
beian.gov.cn,1
login.mso.msidentity.com,1
ripn.net,1
jigsaw.google.com,1
uchicago.edu,1
msh.amazon.com,1
productforums.google.com,1
bluekai.com,1
rapidshare.com,1
yumpu.com,1
images-na.ssl-images-amazon.com,1
criteo.net,1
shared.global.fastly.net,1
developer.chrome.com,1
runoob.com,1
html.spec.whatwg.org,1
api.smoot.apple.com,1
azure.com,1
rottentomatoes.com,1
eeroup.com,1
mckinsey.com,1
sxyprn.com,1
thefamouspeople.com,1
oecd.org,1
typepad.com,1
uci.edu,1
worldfcdn.com,1
sync-tm.everesttech.net,1
taboola.com,1
netdna-ssl.com,1
namebrightdns.com,1
ftl.netflix.com,1
google.de,1
tapad.com,1
haxx.se,1
msedge.b.tlu.dl.delivery.mp.microsoft.com,1
code.jquery.com,1
iadsdk.apple.com,1
godaddy.com,1
phobos.apple.com,1
ecs.office.com,1
canonical.com,1
s.pinimg.com,1
nytimes.com,1
xx.fbcdn.net,1
drive.google.com,1
narod.ru,1
kinsta.com,1
ted.com,1
deezer.com,1
gene.com,1
ingest.sentry.io,1
init.ess.apple.com,1
data.microsoft.com,1
google.co.th,1
bls.gov,1
parallels.com,1
wsdvs.com,1
tiktok.com,1
viglink.com,1
box.com,1
nih.gov,1
siemens.com,1
ci3.googleusercontent.com,1
mecd.gob.es,1
nic.ru,1
trustarc.com,1
bmj.com,1
webmasters.googleblog.com,1
megafon.ru,1
gmpg.org,1
pull-f5-vr-gcp01.tiktokcdn.com,1
cancer.org,1
b1sync.zemanta.com,1
blog.giallozafferano.it,1
sc-gw.com,1
na.gateway.devices.a2z.com,1
adssettings.google.com,1
ultradns.com,1
c.go-mpulse.net,1
js-agent.newrelic.com,1
iheart.com,1
mgts.ru,1
warriorforum.com,1
scorecardresearch.com,1
yandex.net,1
audacy.com,1
media.ccc.de,1
forms.office.com,1
pull-f5-va01.tiktokcdn.com,1
securityfocus.com,1
bidswitch.net,1
winatp-gw-eus.microsoft.com,1
fe2cr.update.microsoft.com,1
b-graph.facebook.com,1
gateway.devices.a2z.com,1
1drv.ms,1
com.edgesuite.net,1
studio.youtube.com,1
themeisle.com,1
teams.microsoft.com,1
fstoppers.com,1
last.fm,1
px.ads.linkedin.com,1
google.nl,1
cdc.gov,1
jianshu.com,1
indeed.tech,1
developer.wordpress.org,1
sun.com,1
partner.netflix.net,1
cookiedatabase.org,1
cdnhwc1.com,1
alipay.com,1
express.co.uk,1
bat.bing.com,1
snap.licdn.com,1
upenn.edu,1
pull-cmaf-l16-tt01.tiktokcdn-us.com,1
news.yahoo.com,1
hotstar.com,1
mcafee.com,1
www2.deloitte.com,1
steemit.com,1
force.com,1
outlook.office.com,1
browser.events.data.msn.com,1
wixsite.com,1
mail.ru,1
marketwatch.com,1
cnil.fr,1
business.google.com,1
onetag-sys.com,1
msdn.microsoft.com,1
ameblo.jp,1
blogspot.com,1
dns.opendns.com,1
wikimedia.org,1
python.org,1
opensource.org,1
eurekalert.org,1
blog.daum.net,1
feedproxy.google.com,1
bloglovin.com,1
nasa.gov,1
google.com.mx,1
typekit.net,1
brown.edu,1
match.adsrvr.org,1
sophos.com,1
sentinelone.net,1
sct.sc-prod.net,1
push.prod.netflix.com,1
cia.gov,1
pixlr.com,1
okta.com,1
playstation.net,1
services.mozilla.com,1
ssp.yahoo.com,1
tmz.com,1
fosi.org,1
sonobi.com,1
cpanel.com,1
w.soundcloud.com,1
perfectdomain.com,1
pull-cmaf-l16-va01.tiktokcdn.com,1
whc.unesco.org,1
garmin.com,1
msedge.api.cdp.microsoft.com,1
fonecta.fi,1
cam.ac.uk,1
protect-us.mimecast.com,1
portal.fb.com,1
trello.com,1
mythemeshop.com,1
ingress.rapid7.com,1
w3c.github.io,1
1688.com,1
wikia.com,1
pull-hls-f77-va01.tiktokcdn.com,1
global.fastly.net,1
iso.org,1
optimizationguide-pa.googleapis.com,1
devicelistenerprod.microsoft.com,1
adf.ly,1
xero.com,1
platform.twitter.com,1
mso.msidentity.com,1
z-p42-chat-e2ee-ig.facebook.com,1
mask.icloud.com,1
3gppnetwork.org,1
revver.com,1
adobe.net,1
push-rtmp-f5-tt02.fcdn.us.tiktokv.com,1
dscd.akamaiedge.net,1
redcross.org,1
jomodns.com,1
sitescout.com,1
doubleverify.com,1
pbs.org,1
prod.cloud.netflix.com,1
tags.bluekai.com,1
baidu.com,1
disk.yandex.ru,1
doh.opendns.com,1
c10r.facebook.com,1
openai.com,1
safebrowsing.googleapis.com,1
dns.google,1
xiaomi.com,1
zhipin.com,1
crwdcntrl.net,1
allegro.pl,1
us-v20.events.data.microsoft.com,1
www.facebook.com,1
apps.mzstatic.com,1
aax-eu.amazon-adsystem.com,1
amp-api-edge.apps.apple.com,1
wordpress.com,1
mentalfloss.com,1
whatsapp.com,1
g.live.com,1
bing.com,1
asus.com,1
admin.ch,1
prod.ftl.netflix.com,1
fna.fbcdn.net,1
justice.gov,1
2mdn.net,1
rbxcdn.com,1
cnn.com,1
ddns.net,1
livejasmin.com,1
fbsbx.com,1
checkappexec.microsoft.com,1
cell.com,1
ruidongcloud.com,1
le.ac.uk,1
nest.com,1
indiegogo.com,1
clients.config.office.net,1
asyncgw.teams.microsoft.com,1
1rx.io,1
so.com,1
pull-f5-tt01.fcdn.us.tiktokv.com,1
mpi-inf.mpg.de,1
on.ca,1
fliphtml5.com,1
delicious.com,1
galaxydata.ru,1
en.unesco.org,1
pti.store.microsoft.com,1
lastpass.com,1
contacts.google.com,1
roche.com,1
sc-static.net,1
pull-f5-gcp01.ttlivecdn.com,1
samsungcloudsolution.com,1
www.canalblog.com,1
config.edge.skype.com,1
j.mp,1
reg.ru,1
googleadservices.com,1
hupu.com,1
suite.office.com,1
aws.duplex.snapchat.com,1
yamaha.com,1
xcal.tv,1
microformats.org,1
cdn.office.net,1
ovh.co.uk,1
ec.europa.eu,1
atlassian.com,1
ssrn.com,1
c-msedge.net,1
firebaseremoteconfig.googleapis.com,1
ufl.edu,1
img.youtube.com,1
skydrive.wns.windows.com,1
hilton.com,1
newyorker.com,1
dscw154.akamai.net,1
stuff.co.nz,1
1-courier.push.apple.com,1
service.gov.uk,1
blog.cloudflare.com,1
gamersky.com,1
pull-f5-tt02.tiktokcdn.com,1
unpkg.com,1
sb.scorecardresearch.com,1
firebaselogging-pa.googleapis.com,1
uiowa.edu,1
rtb-csync.smartadserver.com,1
apis.google.com,1
dataservice.protection.outlook.com,1
or.id,1
1337x.to,1
fincoad.com,1
paloaltonetworks.com,1
news.ycombinator.com,1
unam.mx,1
nvidia.com,1
douyin.com,1
metro.co.uk,1
us-east-1.elb.amazonaws.com,1
hackernoon.com,1
sketchfab.com,1
timeanddate.com,1
bitnami.com,1
kiev.ua,1
byteoversea.net,1
unicef.org,1
wustl.edu,1
douyu.com,1
sfx.ms,1
today.com,1
about.google,1
umbrella.com,1
roaming.officeapps.live.com,1
gutenberg.org,1
business.pinterest.com,1
iubenda.com,1
sohu.com,1
gartner.com,1
netangels.ru,1
picasaweb.google.co.uk,1
hp.com,1
pull-flv-l10-sg01.tiktokcdn.com,1
vk.com,1
fcc.gov,1
amplitude.com,1
firebaseinstallations.googleapis.com,1
instapaper.com,1
goodhousekeeping.com,1
gcp.gvt2.com,1
perl.org,1
about.fb.com,1
waconatm.officeapps.live.com,1
mozilla.com,1
ow1.res.office365.com,1
oregonstate.edu,1
mpg.de,1
thesun.co.uk,1
kv601.prod.do.dsp.mp.microsoft.com,1
llnwi.net,1
paypalobjects.com,1
salesforceliveagent.com,1
espn.go.com,1
stats.g.doubleclick.net,1
w3techs.com,1
app.box.com,1
prweb.com,1
imdb.com,1
ichnaea.netflix.com,1
ipv4.google.com,1
orcd.co,1
gametrailers.com,1
s0.2mdn.net,1
ea.com,1
time.android.com,1
google.internal,1
arizona.edu,1
nodejs.org,1
klaviyo.com,1
me.apple-dns.net,1
star-mini.c10r.facebook.com,1
dreamhost.com,1
radiofrance.fr,1
digital.com,1
v.qq.com,1
uiboot.netflix.com,1
pull-q5-gcp01.tiktokcdn.com,1
brookings.edu,1
cp.wd.microsoft.com,1
zebra.com,1
helpx.adobe.com,1
make.wordpress.org,1
bit.do,1
th.bing.com,1
ocsp2-lb.apple.com.akadns.net,1
windows.microsoft.com,1
spark.adobe.com,1
rzone.de,1
debian.org,1
res.office365.com,1
fw.adsafeprotected.com,1
github.io,1
tableau.com,1
tile-service.weather.microsoft.com,1
geo.moatads.com,1
domaincontrol.com,1
fonts.google.com,1
us.criteo.net,1
srtb.msn.com,1
c1.adform.net,1
twitch.com,1
bell-labs.com,1
reason.com,1
buzzfeed.com,1
thestar.com,1
curia.europa.eu,1
us-east4-gcp.api.snapchat.com,1
dribbble.com,1
go.id,1
courier-push-apple.com.akadns.net,1
api.cdp.microsoft.com,1
docs.microsoft.com,1
gpcloudservice.com,1
fmkorea.com,1
cdn-apple.com,1
oprah.com,1
googleusercontent.com,1
dzeninfra.ru,1
chaturbate.com,1
ping-edge.smartscreen.microsoft.com,1
excite.co.jp,1
ys7.com,1
registrar-servers.com,1
usc.edu,1
developer.mozilla.org,1
gsp85-ssl.ls.apple.com,1
apachefriends.org,1
salon.com,1
casalemedia.com,1
texas.gov,1
liveinternet.ru,1
mnhs.org,1
fedoraproject.org,1
dscb.akamaiedge.net,1
services.google.com,1
feeds.feedburner.com,1
square.site,1
ning.com,1
gettyimages.com,1
kaspersky-labs.com,1
gateway.facebook.com,1
contacts.fe.apple-dns.net,1
bfmtv.com,1
mb.moatads.com,1
prezi.com,1
aarp.org,1
plugable.com,1
voanews.com,1
passwordsleakcheck-pa.googleapis.com,1
lww.com,1
edmunds.com,1
uga.edu,1
us-u.openx.net,1
main.endpoint.ingress.rapid7.com,1
tps.doubleverify.com,1
ui-dns.com,1
o.lencr.org,1
clients6.google.com,1
typeform.com,1
rumble.com,1
herokuapp.com,1
families.google.com,1
cargocollective.com,1
gigazine.net,1
rt.ru,1
imasdk.googleapis.com,1
wordreference.com,1
hinet.net,1
iana.org,1
neilpatel.com,1
dsum-sec.casalemedia.com,1
svc.ms,1
macromedia.com,1
ohthree.com,1
vanderbilt.edu,1
soundcloud.com,1
woocommerce.com,1
broadcom.com,1
michaelmoore.com,1
ndtv.com,1
crashlytics.com,1
hotjar.com,1
immedia-semi.com,1
data.msn.com,1
tandfonline.com,1
appsflyer.com,1
redbubble.com,1
vkontakte.ru,1
thetimes.co.uk,1
accor.com,1
flipkart.com,1
res.cloudinary.com,1
nngroup.com,1
jable.tv,1
xhamsterlive.com,1
htlb.casalemedia.com,1
memrise.com,1
utah.edu,1
trimble.com,1
hostgator.com,1
miitbeian.gov.cn,1
wipo.int,1
msnbc.com,1
kde.org,1
app.snapchat.com,1
telegra.ph,1
netvibes.com,1
tudocelular.com,1
nrdp.prod.cloud.netflix.com,1
nyc.gov,1
adweek.com,1
bet365.com,1
a.akamaiedge.net,1
bp1.blogger.com,1
apresolve.spotify.com,1
nic.in,1
cointernet.com.co,1
nleditor.osi.office.net,1
thoughtco.com,1
msftconnecttest.com,1
flashtalking.com,1
sitemaps.org,1
dis.criteo.com,1
pastebin.com,1
platform.hicloud.com,1
trulia.com,1
ya.ru,1
office.com,1
apple.news,1
comodoca.com,1
cosmopolitan.com,1
safebrowsing-proxy.g.aaplimg.com,1
a2z.com,1
20minutos.es,1
raw.githubusercontent.com,1
glance.net,1
blog.goo.ne.jp,1
nobelprize.org,1
snopes.com,1
telegram.org,1
halloweenlove.com,1
data-edge.smartscreen.microsoft.com,1
patch.com,1
cm.g.doubleclick.net,1
brave.com,1
android.googleapis.com,1
gr.global.aa-rt.sharepoint.com,1
egs.edu,1
rutgers.edu,1
xhamster18.desi,1
yahoo.com,1
crunchbase.com,1
web.whatsapp.com,1
idsync.rlcdn.com,1
science.org,1
thehill.com,1
apache.org,1
michigan.gov,1
java.com,1
igamecj.com,1
ucdavis.edu,1
onedrive.live.com,1
npmjs.com,1
kt-prod.ess.apple.com,1
pixel.adsafeprotected.com,1
dealer.spotify.com,1
akadns.net,1
howtogeek.com,1
www.msftconnecttest.com,1
storage.canalblog.com,1
merriam-webster.com,1
usembassy.gov,1
lifehacker.com,1
rte.ie,1
home.neustar,1
storify.com,1
pnas.org,1
s.youtube.com,1
twilio.com,1
makeuseof.com,1
nsone.net,1
chron.com,1
comcast.net,1
dhs.gov,1
b-api.facebook.com,1
s3-us-west-2.amazonaws.com,1
msg.teams.microsoft.com,1
liberation.fr,1
ehow.com,1
visualstudio.com,1
campaignmonitor.com,1
ha.office365.com,1
hyperurl.co,1
esquire.com,1
dot.gov,1
tv.youtube.com,1
goo.gle,1
rollingstone.com,1
cloudfront.net,1
prod.partner.netflix.net,1
supersonicads.com,1
securepubads.g.doubleclick.net,1
graph.facebook.com,1
zen.yandex.ru,1
s7.addthis.com,1
api.apple-cloudkit.com,1
fancy.com,1
4shared.com,1
material.io,1
sakura.ne.jp,1
uk.linkedin.com,1
schneier.com,1
deepmind.com,1
planalto.gov.br,1
1.nflxso.net,1
bizjournals.com,1
media.licdn.com,1
swrve.com,1
techrepublic.com,1
spaceweb.pro,1
online.wsj.com,1
link.springer.com,1
cc-api-data.adobe.io,1
gitee.com,1
guias-viajar.com,1
clients3.google.com,1
zerodha.com,1
haveibeenpwned.com,1
walmart.com,1
nam.loki.delve.office.com,1
stags.bluekai.com,1
v10.events.data.microsoft.com,1
slscr.update.microsoft.com,1
baike.baidu.com,1
image8.pubmatic.com,1
pubads.g.doubleclick.net,1
script.hotjar.com,1
crunchyroll.com,1
openssl.org,1
placekitten.com,1
e-monsite.com,1
www.googleadservices.com,1
aparat.com,1
cctv.com,1
pwc.com,1
cincinnatichildrens.org,1
xerox.com,1
gs-loc.ls-apple.com.akadns.net,1
gallup.com,1
dit.whatsapp.net,1
d.agkn.com,1
attn.tv,1
kv801.prod.do.dsp.mp.microsoft.com,1
teespring.com,1
centralus.cloudapp.azure.com,1
qwest.net,1
launches.appsflyer.com,1
api.amazon.com,1
rncdn7.com,1
google.com.tw,1
worldnic.com,1
focus.de,1
addons.mozilla.org,1
umaar.com,1
mercurynews.com,1
pub.3gppnetwork.org,1
utexas.edu,1
buffer.com,1
play-lh.googleusercontent.com,1
speakerdeck.com,1
liveabout.com,1
myfritz.net,1
spankbang.com,1
mask-api.icloud.com,1
akismet.com,1
yieldmo.com,1
orcid.org,1
setup.icloud.com,1
shifen.com,1
consultant.ru,1
senate.gov,1
bleepingcomputer.com,1
livescience.com,1
teamviewer.com,1
shaparak.ir,1
pinterest.fr,1
developer.apple.com,1
youtube-nocookie.com,1
swallow.apple.com,1
beeline.ru,1
onlinelibrary.wiley.com,1
google.co.kr,1
search.yahoo.com,1
scholastic.com,1
ovh.com,1
scmp.com,1
chegg.com,1
bund.de,1
lua.org,1
www.yahoo.com,1
c.apple.news,1
connect.facebook.net,1
apple.com.cn,1
eastus2.cloudapp.azure.com,1
s.ad.smaato.net,1
gs-loc-new.ls-apple.com.akadns.net,1
teads.tv,1
kakao.com,1
pull-flv-l77-va01.tiktokcdn.com,1
sedo.com,1
wetransfer.com,1
nasdaq.com,1
mercadolibre.com.ar,1
business.bing.com,1
smile.amazon.com,1
newscientist.com,1
lookaside.facebook.com,1
unrealengine.com,1
dev.mysql.com,1
wiley.com,1
marketingplatform.google....,1
self.events.data.microsoft.com,1
cdn.branch.io,1
uk.com,1
client-api.itunes.apple.com,1
fao.org,1
nease.net,1
pitt.edu,1
update.microsoft.com,1
knowyourmeme.com,1
pinterest.ca,1
kennedy-center.org,1
eastday.com,1
grammarly.com,1
hbo.com,1
ads.stickyadstv.com,1
zapier.com,1
herokudns.com,1
vanityfair.com,1
oxfordjournals.org,1
wattpad.com,1
weforum.org,1
us-v10c.events.data.microsoft.com,1
hostinger.com,1
gateway.icloud.com,1
upload.wikimedia.org,1
playfabapi.com,1
musicstatus.itunes.apple.com,1
safety.google,1
ma.tt,1
userstore.skype.com,1
fc2.com,1
ig.com.br,1
iphone-ld.origin-apple.com.akadns.net,1
aliyuncs.com,1
ontheissues.org,1
s3-1-w.amazonaws.com,1
prod.netflix.com,1
fco.gov.uk,1
g.co,1
indiatimes.com,1
att.com,1
fb.watch,1
heise.de,1
x1.c.lencr.org,1
waterstones.com,1
aws-proxy-gcp.api.snapchat.com,1
live.net,1
wns.windows.com,1
battle.net,1
radio-canada.ca,1
zdf.de,1
res.cdn.office.net,1
loki.delve.office.com,1
wuv.de,1
dreamstime.com,1
science.sciencemag.org,1
edge-mqtt.facebook.com,1
gc.ca,1
ocsp.sectigo.com,1
sdk.iad-01.braze.com,1
si.edu,1
us-west-2.amazonaws.com,1
alidns.com,1
e10499.dsce9.akamaiedge.net,1
assets.adobedtm.com,1
explore.org,1
gs.statcounter.com,1
clickfunnels.com,1
icio.us,1
p-cdn.com,1
dds.microsoft.com,1
oneclient.sfx.ms,1
ksyuncdn.com,1
enterprise.activity.windows.com,1
id.google.com,1
democracynow.org,1
go.sonobi.com,1
indiana.edu,1
jnn-pa.googleapis.com,1
spectrum.s3.amazonaws.com,1
schema.org,1
iop.org,1
token.safebrowsing.apple,1
netscape.com,1
ikmultimedia.com,1
zippyshare.com,1
time.apple.com,1
mtalk.google.com,1
deviantart.com,1
smashingmagazine.com,1
ris.api.iris.microsoft.com,1
ixigua.com,1
push-apple.com.akadns.net,1
zemanta.com,1
greenpeace.org,1
m.youtube.com,1
bankofamerica.com,1
i0.wp.com,1
chinadaily.com.cn,1
store.shopping.yahoo.co.jp,1
clients4.google.com,1
bigcommerce.com,1
ngenix.net,1
music.apple.com,1
go.discovery.com,1
vic.gov.au,1
photos.app.goo.gl,1
cloud.tenable.com,1
pull-cmaf-l16-sg01.tiktokcdn.com,1
atg.se,1
generatepress.com,1
torproject.org,1
imageshack.com,1
indianexpress.com,1
twtrdns.net,1
crayola.com,1
mlb.com,1
aips-services.com,1
braze.com,1
abusix.zone,1
weather.microsoft.com,1
analog.com,1
gspe1-ssl.ls.apple.com,1
money.cnn.com,1
fe3cr.delivery.mp.microsoft.com,1
onetrust.com,1
instructure.com,1
smp-device-content.apple.com,1
um.simpli.fi,1
microfocus.com,1
fraiche.com.mx,1
thefader.com,1
sync.1rx.io,1
adobedtm.com,1
japantimes.co.jp,1
script.google.com,1
truste.com,1
commnat-cohort-gc.ess.apple.com,1
ups.analytics.yahoo.com,1
ncsu.edu,1
entrepreneur.com,1
china.com,1
informit.com,1
blog.fc2.com,1
cdnhwc2.com,1
house.gov,1
fr.euronews.com,1
ninds.nih.gov,1
smartscreen.microsoft.com,1
findlaw.com,1
esa.int,1
citrix.com,1
redirector.googlevideo.com,1
cedexis.net,1
analytics.twitter.com,1
oraclecloud.com,1
datastudio.google.com,1
zoro.to,1
es.wordpress.org,1
cancer.gov,1
ap.lijit.com,1
nymag.com,1
css-tricks.com,1
api.twitter.com,1
ocsp.sca1b.amazontrust.com,1
dpm.demdex.net,1
cw.com.tw,1
amazon.com.mx,1
msu.edu,1
digilander.libero.it,1
dns.com,1
imgur.com,1
sync.search.spotxchange.com,1
nsw.gov.au,1
unrulymedia.com,1
pixel.rubiconproject.com,1
m.google.com,1
www.gov.br,1
clck.ru,1
core.windows.net,1
youla.ru,1
ourworldindata.org,1
outlook.ha.office365.com,1
blog.naver.com,1
addons-pa.clients6.google.com,1
fonts.gstatic.com,1
penguinrandomhouse.com,1
pewinternet.org,1
fe.apple-dns.net,1
bh.contextweb.com,1
en-ca.wordpress.org,1
timeweb.ru,1
codepen.io,1
pull-hls-l77-va01.tiktokcdn.com,1
image6.pubmatic.com,1
beacons3.gvt2.com,1
contextweb.com,1
leparisien.fr,1
manitu.net,1
root-servers.net,1
beian.miit.gov.cn,1
comcast.com,1
service-now.com,1
ess.apple.com,1
secure.gravatar.com,1
algolia.net,1
m.wikipedia.org,1
googlehosted.l.googleusercontent.com,1
smarturl.it,1
dan.com,1
ovh.net,1
rbc.ru,1
blog.google,1
w3schools.com,1
meyerweb.com,1
mesu-cdn.origin-apple.com.akadns.net,1
assets.msn.com,1
iphone-ld.apple.com,1
technologyreview.com,1
homeadvisor.com,1
identrust.com,1
youtube-ui.l.google.com,1
williamhill.com,1
augloop.office.com,1
s.w.org,1
primevideo.com,1
com.com,1
webrootcloudav.com,1
govt.nz,1
dgw.c10r.facebook.com,1
rs6.net,1
podcasts.apple.com,1
ikarem.io,1
semrush.com,1
notcot.com,1
mc.yandex.ru,1
adjust.com,1
zend.com,1
lifestylesimplify.com,1
mystrikingly.com,1
kiva.org,1
help.twitter.com,1
bp2.blogger.com,1
targeting.unrulymedia.com,1
xeroshoes.com,1
push.apple.com,1
skyhigh.cloud,1
savefrom.net,1
chat.cdn.whatsapp.net,1
mesu.apple.com,1
westus.cloudapp.azure.com,1
kaspersky.com,1
stackexchange.com,1
clients.google.com,1
miamiherald.com,1
stats.wp.com,1
xkcd.com,1
viriciti.com,1
pd.itunes.apple.com,1
trafficshaping.dsp.mp.microsoft.com,1
y2mate.com,1
wikipedia.org,1
secure.netflix.com,1
www.linkedin.com,1
clients1.google.com,1
dx.doi.org,1
osu.edu,1
nl.wikipedia.org,1
ap.org,1
discordapp.com,1
pull-o5-gcp01.tiktokcdn.com,1
gravatar.com,1
gspe79-ssl.ls.apple.com,1
lycos.com,1
rtb0.doubleverify.com,1
gspe35-ssl.ls.apple.com,1
player.vimeo.com,1
meraki.com,1
signaler-pa.clients6.google.com,1
peoplestack-pa.clients6.google.com,1
mesu.g.aaplimg.com,1
answers.com,1
unl.edu,1
altervista.org,1
elmundo.es,1
fbi.gov,1
gsp64-ssl.ls.apple.com,1
9gag.com,1
brooklynvegan.com,1
events.data.microsoft.com,1
e6858.dscx.akamaiedge.net,1
blog.twitter.com,1
configuration.ls.apple.com,1
otm-r.com,1
chess.com,1
ucsd.edu,1
gosuslugi.ru,1
52pojie.cn,1
www.wix.com,1
yolasite.com,1
youronlinechoices.eu,1
mqtt.c10r.facebook.com,1
opensea.io,1
upload.fp.measure.office.com,1
app-measurement.com,1
fotolog.com,1
channel4.com,1
gob.mx,1
thumbtack.com,1
officeapps.live.com,1
in.linkedin.com,1
rosintel.com,1
googlevideo.com,1
prod.do.dsp.mp.microsoft.com,1
turn.com,1
acdn.adnxs.com,1
download.macromedia.com,1
mirtesen.ru,1
homepage.mac.com,1
tenable.com,1
northgrum.com,1
dynadot.com,1
autodiscover-s.outlook.com,1
telit.com,1
cl3.apple.com,1
pull-q5-va01.tiktokcdn.com,1
extension.purdue.edu,1
forum.xda-developers.com,1
nyu.edu,1
netdevconf.org,1
img-s-msn-com.akamaized.net,1
statics.teams.cdn.office.net,1
pull-cmaf-f16-gcp01.tiktokcdn.com,1
over-blog.com,1
dsp.mp.microsoft.com,1
ceneo.pl,1
fin.ag,1
beap-bc.yahoo.com,1
inappcheck-lb.itunes-apple.com.akadns.net,1
uiuc.edu,1
vtb.ru,1
pull-cmaf-f16-sg01.tiktokcdn.com,1
scoop.it,1
pr-bh.ybp.yahoo.com,1
yadi.sk,1
pixiv.net,1
bluehost.com,1
slashgear.com,1
go.kr,1
servedby.flashtalking.com,1
sputniknews.com,1
dl.dropbox.com,1
geo.itunes.apple.com,1
chat-e2ee-mini.facebook.com,1
pull-f5-tt02-infra.fcdn.us.tiktokv.com,1
store.cdbaby.com,1
cdn20.com,1
contextual.media.net,1
player.youku.com,1
computerworld.com,1
seattletimes.com,1
dcinside.com,1
graph.microsoft.com,1
gvt2.com,1
sca1b.amazontrust.com,1
name-services.com,1
gooyaabitemplates.com,1
hubpages.com,1
facebook.net,1
stickyadstv.com,1
illinois.edu,1
nel.cloudflare.com,1
unitedstates.smartscreen-prod.microsoft.com,1
pull-cmaf-f16-tt02.tiktokcdn.com,1
exelator.com,1
iris.microsoft.com,1
monash.edu,1
ecdns.net,1
c.amazon-adsystem.com,1
pull-o5-sg01.tiktokcdn.com,1
qz.com,1
googledomains.com,1
epicgames.com,1
waconafd.officeapps.live.com,1
biblegateway.com,1
content-autofill.googleapis.com,1
pull-a5-gcp01.tiktokcdn.com,1
qidian.com,1
webs.com,1
humanrightsfirst.org,1
eset.com,1
nexusrules.officeapps.live.com,1
cloudapp.azure.com,1
cloudflare.net,1
aiv-cdn.net,1
codex.wordpress.org,1
br.de,1
tsfe.trafficshaping.dsp.mp.microsoft.com,1
measure.office.net,1
mediawiki.org,1
caltech.edu,1
mrodevicemgr.officeapps.live.com,1
adameve.com,1
api.flightproxy.teams.microsoft.com,1
cms.quantserve.com,1
landing.google.com,1
rightwingwatch.org,1
roku.com,1
creation.com,1
acoustic-adm.com,1
pull-cmaf-l77-va01.tiktokcdn.com,1
thinkwithgoogle.com,1
manage.microsoft.com,1
pull-cmaf-f16-tt01.fcdn.us.tiktokv.com,1
foodnetwork.com,1
lexpress.fr,1
imap.gmail.com,1
geller-pa.googleapis.com,1
pull-cmaf-f16-tt02.fcdn.us.tiktokv.com,1
messaging.engagement.office.com,1
smartscreen-prod.microsoft.com,1
coindesk.com,1
fpc.msedge.net,1
support.twitter.com,1
android-context-data.googleapis.com,1
bdydns.com,1
thefreedictionary.com,1
connectivitycheck.platform.hicloud.com,1
id.wikipedia.org,1
pull-cmaf-f77-sg01.tiktokcdn.com,1
www.amazon.com,1
gsas.apple.com,1
google.ch,1
chris.pirillo.com,1
moodle.org,1
store.playstation.com,1
na-att-idns.net,1
paypal.me,1
houzz.com,1
pippio.com,1
imcmdb.net,1
userlocation.googleapis.com,1
dnspod.net,1
s.click.aliexpress.com,1
kstatic.googleusercontent.com,1
elegantthemes.com,1
spo-ring.msedge.net,1
omnitagjs.com,1
ybp.yahoo.com,1
ocsp2.g.aaplimg.com,1
licensing.mp.microsoft.com,1
notify.adobe.io,1
gtld-servers.net,1
qc.ca,1
us.main.endpoint.ingress.rapid7.com,1
foxbusiness.com,1
stackadapt.com,1
eus.rubiconproject.com,1
chat.google.com,1
quizlet.com,1
yts.mx,1
ctvnews.ca,1
avast.com,1
ycombinator.com,1
wordstream.com,1
ntp.org,1
apple.com.akadns.net,1
branch.io,1
alicdn.com,1
123rf.com,1
c.lencr.org,1
gdmf.apple.com,1
pull-cmaf-f77-gcp01.tiktokcdn.com,1
sync.crwdcntrl.net,1
mobirise.com,1
pull-cmaf-l16-gcp01.tiktokcdn.com,1
ssum-sec.casalemedia.com,1
webpkgcache.com,1
static.hotjar.com,1
dsca.akamaiedge.net,1
unity3d.com,1
s3-w.us-east-1.amazonaws.com,1
ohchr.org,1
rapid7.com,1
business.twitter.com,1
technorati.com,1
chrome.google.com,1
init-cdn.itunes-apple.com.akadns.net,1
sproutsocial.com,1
xnxx.com,1
kompas.com,1
substrate.office.com,1
gateway.fe.apple-dns.net,1
elle.com,1
www.microsoft.com,1
static.wixstatic.com,1
pull-flv-f77-sg01.tiktokcdn.com,1
kotaku.com,1
g.doubleclick.net,1
huffingtonpost.co.uk,1
nintendo.net,1
tools.ietf.org,1
edgekey.net,1
my.matterport.com,1
mixi.jp,1
www.youtube.com,1
shopee.tw,1
token.rubiconproject.com,1
georgetown.edu,1
nami.org,1
ey.com,1
visitor.omnitagjs.com,1
mi.com,1
theregister.com,1
officeclient.microsoft.com,1
name.com,1
oauthaccountmanager.googleapis.com,1
squareup.com,1
bag.itunes.apple.com,1
smithsonianmag.com,1
adform.net,1
similarweb.com,1
dnsv1.com,1
sustainability.google,1
sc-prod.net,1
openlibrary.org,1
cse.google.com,1
bttrack.com,1
missingkids.org,1
measure.office.com,1
samsungqbe.com,1
dsct.akamaiedge.net,1
s.yimg.com,1
drom.ru,1
instagram.c10r.instagram.com,1
ethz.ch,1
httpbl.org,1
bid.g.doubleclick.net,1
pull-flv-f10-sg01.tiktokcdn.com,1
sync.outbrain.com,1
animeflv.net,1
ij.org,1
cloud.google.com,1
amazon.dev,1
clientservices.googleapis.com,1
gv.at,1
toutiao.com,1
httpd.apache.org,1
slashdot.org,1
storequality.microsoft.com,1
id.rlcdn.com,1
geocities.ws,1
unagi-na.amazon.com,1
u.openx.net,1
genius.com,1
help.instagram.com,1
donationalerts.com,1
fmfmobile.fe.apple-dns.net,1
static.adsafeprotected.com,1
colorado.edu,1
lcdn-locator.apple.com,1
search.spotxchange.com,1
apigee.net,1
reebok.com,1
jhu.edu,1
ads.yieldmo.com,1
reference.com,1
zol.com.cn,1
metmuseum.org,1
www.gov.cn,1
ls.apple.com,1
utoronto.ca,1
pull-f5-vr-sg01.tiktokcdn.com,1
gsa.gov,1
pancake.apple.com,1
nejm.org,1
www.weebly.com,1
magento.cloud,1
list-manage1.com,1
startupgrind.com,1
odc.officeapps.live.com,1
moatads.com,1
cdn.taboola.com,1
pull-w5-sg01.tiktokcdn.com,1
orange.fr,1
inappcheck.itunes.apple.com,1
m-pesa.com,1
rocket-cdn.com,1
i.imgur.com,1
pull-flv-l16-va01.tiktokcdn.com,1
static1.squarespace.com,1
dotomi.com,1
business.facebook.com,1
picasa.google.com,1
abril.com.br,1
rtve.es,1
ring.com,1
isc.org,1
tx.us,1
pull-c5-va01.tiktokcdn.com,1
pouet.net,1
news-edge.apple.com,1
trends.google.com,1
do.dsp.mp.microsoft.com,1
aa.agkn.com,1
coe.int,1
myactivity.google.com,1
scontent.cdninstagram.com,1
devices.a2z.com,1
yp.to,1
virtualearth.net,1
wallpapers.com,1
wdwinfo.com,1
entrust.net,1
g.aaplimg.com,1
ny.gov,1
ihg.com,1
ocsp2.apple.com,1
americanprogress.org,1
bcn.cl,1
asm.skype.com,1
youdao.com,1
del.icio.us,1
webcache.googleusercontent.com,1
nsc.org,1
usertrust.com,1
xp.apple.com,1
thebalancemoney.com,1
lijit.com,1
pull-f5-gcp01.tiktokcdn.com,1
cdnvideo.ru,1
gsa.apple.com,1
init-p01md.apple.com,1
bostonglobe.com,1
aax.amazon-adsystem.com,1
spreaker.com,1
ad.360yield.com,1
music.youtube.com,1
usgovcloudapi.net,1
hackerone.com,1
eb2.3lift.com,1
avito.st,1
internal,1
pull-a5-sg01.tiktokcdn.com,1
www.ncbi.nlm.nih.gov,1
avito.ru,1
wa.gov,1
pm.w55c.net,1
itu.int,1
lego.com,1
sba.gov,1
edition.cnn.com,1
metadata.google.internal,1
motosale.pl,1
heart.org,1
ui.com,1
nomadcapitalist.com,1
hao123.com,1
init.itunes.apple.com,1
webshell.suite.office.com,1
ilovepdf.com,1
pull-flv-f77-tt02.fcdn.us.tiktokv.com,1
graph.instagram.com,1
dmcdn.net,1
airtable.com,1
msftauth.net,1
asu.edu,1
petitiononline.com,1
ed.gov,1
dzen.ru,1
parler.com,1
eastmoney.com,1
ccc.de,1
dc.services.visualstudio.com,1
v20.events.data.microsoft.com,1
stripchat.com,1
pull-hls-f77-gcp01.tiktokcdn.com,1
fastlane.rubiconproject.com,1
umd.edu,1
nelreports.net,1
res-1.cdn.office.net,1
cookielaw.org,1
i.liadm.com,1
trt.net.tr,1
xp.itunes-apple.com.akadns.net,1
lulu.com,1
mobile.pipe.aria.microsoft.com,1
spo-msedge.net,1
ancomunn.co.uk,1
techtarget.com,1
au.kddi.com,1
aws.amazon.com,1
www.googletagmanager.com,1
photos1.blogger.com,1
p16-sign-va.tiktokcdn.com,1
static.ads-twitter.com,1
epam.com,1
medlineplus.gov,1
clients2.google.com,1
static.criteo.net,1
dynamics.com,1
endpoint.ingress.rapid7.com,1
marca.com,1
netlify.app,1
developers.facebook.com,1
pixel.tapad.com,1
gsuite.google.com,1
howstuffworks.com,1
prod.us-east-1.cxm-bcn.publisher-services.amazon.dev,1
animatedknots.com,1
beacons.gcp.gvt2.com,1
libsyn.com,1
myanimelist.net,1
ntp.msn.com,1
gob.ar,1
miui.com,1
adsafeprotected.com,1
cafe.naver.com,1
clarin.com,1
www.over-blog.com,1
matterport.com,1
cdn.optimizely.com,1
indexww.com,1
pull-f5-tt01.tiktokcdn.com,1
tribalfusion.com,1
cinematoday.jp,1
l-msedge.net,1
vatican.va,1
p.typekit.net,1
adwords.google.com,1
polyfill.io,1
marketingplatform.google.com,1
userapi.com,1
inmobi.com,1
engagement.office.com,1
nikkei.com,1
config.office.net,1
mixpanel.com,1
papers.ssrn.com,1
mail.me.com,1
pull-w5-va01.tiktokcdn.com,1
en.gravatar.com,1
angel.co,1
sap.com,1
ucsb.edu,1
shorturl.at,1
mapquest.com,1
ncbi.nlm.nih.gov,1
ademe.fr,1
blacklivesmatter.com,1
artstation.com,1
codebig2.net,1
vungle.com,1
wellbeing.google,1
r4.res.office365.com,1
android.clients.google.com,1
nexus.officeapps.live.com,1
git-scm.com,1
dmd.metaservices.microsoft.com,1
node.e2ro.com,1
